Afghani,1
African,2
American,3
Andhra,4
Arabian,5
Argentine,6
Armenian,7
Asian,8
Asian Fusion,9
Assamese,10
Australian,11
Awadhi,12
BBQ,13
Bakery,14
Bar Food,15
Belgian,16
Bengali,17
Beverages,18
Bihari,19
Biryani,20
Brazilian,21
Breakfast,22
British,23
Bubble Tea,24
Burger,25
Burmese,26
Cafe,27
Cajun,28
Canadian,29
Cantonese,30
Caribbean,31
Charcoal Grill,32
Chettinad,33
Chinese,34
Coffee and Tea,35
Contemporary,36
Continental,37
Cuban,38
Cuisine Varies,39
Curry,40
Deli,41
Desserts,42
Dim Sum,43
Diner,44
Drinks Only,45
Durban,46
European,47
Fast Food,48
Filipino,49
Finger Food,50
Fish and Chips,51
French,52
Fusion,53
German,54
Goan,55
Gourmet Fast Food,56
Greek,57
Grill,58
Gujarati,59
Hawaiian,60
Healthy Food,61
Hyderabadi,62
Ice Cream,63
Indian,64
Indonesian,65
International,66
Iranian,67
Irish,68
Italian,69
Japanese,70
Juices,71
Kashmiri,72
Kebab,73
Kerala,74
Kiwi,75
Korean,76
Latin American,77
Lebanese,78
Lucknowi,79
Maharashtrian,80
Malay,81
Malaysian,82
Malwani,83
Mangalorean,84
Mediterranean,85
Mexican,86
Middle Eastern,87
Mineira,88
Mithai,89
Modern Australian,90
Modern Indian,91
Moroccan,92
Mughlai,93
Naga,94
Nepalese,95
New American,96
North Eastern,97
North Indian,98
Oriya,99
Pakistani,100
Parsi,101
Patisserie,102
Peranakan,103
Persian,104
Peruvian,105
Pizza,106
Portuguese,107
Pub Food,108
Rajasthani,109
Ramen,110
Raw Meats,111
Restaurant Cafe,112
Salad,113
Sandwich,114
Scottish,115
Seafood,116
Singaporean,117
Soul Food,118
South African,119
South American,120
South Indian,121
Southern,122
Southwestern,123
Spanish,124
Sri Lankan,125
Steak,126
Street Food,127
Sunda,128
Sushi,129
Taiwanese,130
Tapas,131
Tea,132
Teriyaki,133
Tex-Mex,134
Thai,135
Tibetan,136
Turkish,137
Turkish Pizza,138
Vegetarian,139
Vietnamese,140
Western,141
World Cuisine,142
None,143
